<?xml version="1.0" encoding="UTF-8" ?>
<!DOCTYPE mapper
        PUBLIC "-//mybatis.org//DTD Mapper 3.0//EN"
        "http://mybatis.org/dtd/mybatis-3-mapper.dtd">
<mapper namespace="cn.fnd.mapper.back.BackOrderMapper">

    <select id="findAll" resultMap="orderMap">
     SELECT * FROM order_p o LEFT JOIN
    (SELECT order_id m_id,prod_id p_id,buy_Num FROM orderitem_p )m
    ON o.order_id=m.m_id
    LEFT JOIN
    (SELECT prod_id,prod_name,price,img_url,category,type_id FROM product_p) prod
    ON m.p_id=prod.prod_id
    LEFT JOIN user_p u
    ON o.buy_id=u.user_id
    </select>
    <resultMap id="orderMap" type="Order" autoMapping="true">
        <id column="order_id" property="orderId"/>
        <association property="buyUser" resultMap="userMap2">

        </association>
        <collection property="orderItemList" resultMap="orderItemMap">
        </collection>
    </resultMap>
    <resultMap id="userMap2" type="User" autoMapping="true">
        <id column="user_id" property="userId"/>
    </resultMap>
    <resultMap id="orderItemMap" type="OrderItem" >
        <id column="prod_id" property="prodId"/>
        <result column="order_id" property="orderId"/>
        <result column="buy_num" property="buyNum"/>
        <association property="prod" javaType="Prod">
            <id column="prod_id" property="prodId"/>
            <result column="prod_name" property="prodName"/>
            <result column="price" property="price"/>
        </association>
    </resultMap>
    <select id="findTypeMoney" resultType="map">
        select name ,sum(money) value from order_p o, orderitem_p i ,
        (select prodtype.*,prod_name,product_p.prod_id from product_p left join prodtype on  product_p.type_id = prodtype.type_id ) a
        where o.order_id=i.order_id  and a.prod_id=i.prod_id group by type_id
    </select>

    <select id="allMoney" resultType="java.lang.Double">
        select sum(money) from order_p;
    </select>
</mapper>