<?xml version="1.0" encoding="UTF-8" ?>
<!DOCTYPE mapper
        PUBLIC "-//mybatis.org//DTD Mapper 3.0//EN"
        "http://mybatis.org/dtd/mybatis-3-mapper.dtd">
<mapper namespace="cn.fnd.mapper.back.BackProdMapper">

    <select id="findAll" resultMap="prodMap">
        SELECT * FROM product_p p LEFT JOIN (SELECT type_id t_id,NAME FROM prodtype )t ON p.type_id= t.t_id
    </select>

    <resultMap id="prodMap" type="Prod" autoMapping="true">
        <id column="prod_id" property="prodId"/>
        <association property="prodType" javaType="ProdType">
            <id column="type_id" property="typeId"/>
            <result column="name" property="name" />
        </association>
    </resultMap>

    <select id="findProdById" resultMap="prodMap">
         SELECT * FROM product_p p LEFT JOIN (SELECT type_id t_id,NAME FROM prodtype )t ON p.type_id= t.t_id
         where prod_id=#{prodId}
    </select>

    <delete id="deleteProds">
        DELETE FROM product_p WHERE prod_id IN(
        <foreach collection="array" item="id" separator=",">
            #{id}
        </foreach>
        )
    </delete>

    <update id="updateProd">
        UPDATE  product_p
        <set>
            <trim suffixOverrides=",">
            <if test="prodName!=null">prod_name=#{prodName},</if>
            <if test="price!=null">price=#{price},</if>
            <if test="imgUrl!=null">img_url=#{imgUrl},</if>
            <if test="category!=null">category=#{category},</if>
            <if test="prodType.typeId!=null">type_id=#{prodType.typeId},</if>
            <if test="createTime!=null">create_time=#{createTime},</if>
            <if test="updateTime!=null">update_time=#{updateTime}</if>
            </trim>
        </set>
        where prod_id=#{prodId}
    </update>

    <insert id="saveProd">
        INSERT INTO product_p
        <trim prefix="(" suffix=")" suffixOverrides=",">
            <if test="prodId!=null">prod_id,</if>
            <if test="prodName!=null"> prod_name,</if>
            <if test="price!=null">   price,</if>
            <if test="imgUrl!=null">  img_url,</if>
            <if test="category!=null"> category,</if>
            <if test="prodType.typeId!=null"> type_id</if>
            <!--<if test="createTime!=null"> create_time,</if>
            <if test="updateTime!=null"> update_time=</if>-->
        </trim>
        VALUES
        <trim suffix=")" prefix="(" suffixOverrides=",">
            <if test="prodId!=null">#{prodId},</if>
            <if test="prodName!=null"> #{prodName},</if>
            <if test="price!=null">#{price},</if>
            <if test="imgUrl!=null">  #{imgUrl},</if>
            <if test="category!=null"> #{category},</if>
            <if test="prodType.typeId!=null"> #{prodType.typeId}</if>
            <if test="createTime!=null"> create_time=#{createTime},</if>
            <if test="updateTime!=null"> update_time=#{updateTime}</if>
        </trim>
    </insert>

</mapper>