<?xml version="1.0" encoding="UTF-8" ?>
<!DOCTYPE mapper
        PUBLIC "-//mybatis.org//DTD Mapper 3.0//EN"
        "http://mybatis.org/dtd/mybatis-3-mapper.dtd">
<mapper namespace="cn.fnd.mapper.back.BackServerMapper">

    <select id="findAll" resultMap="ServerOrderRM">
        select * from server_order_p ,server_p where server_p.server_id=server_order_p.server_id;
    </select>

    <resultMap id="ServerOrderRM" type="ServerOrder" autoMapping="true">
        <id property="orderId" column="order_id" />
        <association property="serverProduct" resultMap="ServerRM">
        </association>
    </resultMap>
    <resultMap id="ServerRM" type="ServerProduct" autoMapping="true">
        <id property="serverId" column="server_id" />
    </resultMap>
</mapper>