<?xml version="1.0" encoding="UTF-8" ?>
<!DOCTYPE mapper
        PUBLIC "-//mybatis.org//DTD Mapper 3.0//EN"
        "http://mybatis.org/dtd/mybatis-3-mapper.dtd">
<mapper namespace="cn.fnd.mapper.back.BackUserMapper">
    <select id="findAll" resultMap="userRM">
        select * from user_p u
        left JOIN
        user_info_p p
        ON
        u.user_id=p.user_info_id
    </select>
    <resultMap id="userRM" type="User" autoMapping="true">
        <id column="user_id" property="userId"/>
        <association property="userInfo" resultMap="userInfoRM" javaType="UserInfo">

        </association>
    </resultMap>
    <resultMap id="userInfoRM" type="UserInfo" autoMapping="true">
        <id column="user_info_id" property="userInfoId"/>
    </resultMap>
<!--
    &lt;!&ndash; 封装用户信息 &ndash;&gt;
    <resultMap id="userRM" type="User" autoMapping="true">
        <id column="user_id" property="userId"/>
        &lt;!&ndash;封装userInfo对象&ndash;&gt;
        <association property="userInfo" javaType="UserInfo" resultMap="userInfoRM"/>
    </resultMap>
    &lt;!&ndash;表示封装userInfo对象&ndash;&gt;
    <resultMap id="userInfoRM" type="UserInfo" autoMapping="true">
        &lt;!&ndash;封装主键信息&ndash;&gt;
        <id column="user_info_id" property="userInfoId"/>
    </resultMap>-->
    <!--配置别名包 否则不生效-->
    <!--删除一条用户的记录-->

    <delete id="deleteUserById">
        delete from user_p where user_id in(
        <foreach collection="array" item="id" separator=",">
            #{id}

        </foreach>
        )
    </delete>

    <!--新增一个用户信息-->
    <insert id="addUser">

        insert into user_p(
        <trim suffixOverrides=",">
            <if test="userId != null">user_id,</if>
            <if test="username != null">username,</if>
            <if test="password != null">password,</if>
            <if test="gender != null">gender,</if>
            <if test="email != null">email</if>
        </trim>
        ) values (
        <trim suffixOverrides=",">
            <if test="userId != null">#{userId},</if>
            <if test="username != null">#{username},</if>
            <if test="password != null">#{password},</if>
            <if test="gender != null">#{gender},</if>
            <if test="email != null">#{email}</if>
        </trim>
        )
    </insert>
    <!--根据用户的ID查找用户的信息-->
    <select id="findUserByUserId" resultMap="userRM">
     select * from user_p u
        left JOIN
        user_info_p p
        ON
        u.user_id=p.user_info_id
         where user_id=#{userId}
</select>
    <update id="updateUser">
        update user_p
        <set>
            <if test="username!=null">username=#{username}</if>
            <if test="password!=null">,password=#{password}</if>
            <if test="gender!=null">,gender=#{password}</if>
            <if test="email!=null">,email=#{email}</if>
            <if test="loginTime!=null">,login_time=#{loginTime}</if>
            <if test="address!=null">,address=#{address}</if>
            <if test="status!=null">,status=#{status}</if>
            <if test="validateCode!=null">,validate_code=#{validateCode}</if>
            <if test="registTime!=null">,regist_time=#{registTime}</if>
        </set>
        where user_id=#{userId}

    </update>

    <!--

        &lt;!&ndash; 添加用户&ndash;&gt;
        <insert id="addUser">
            insert into user_p values (
            #{userId},
            #{username},
            #{password},
            #{gender},
            #{email}
            )
        </insert>
    -->

    <!-- 更新激活状态-->
    <!--<update id="update">
        UPDATE user_p SET status=#{status}
    </update>-->
</mapper>