<?xml version="1.0" encoding="UTF-8" ?>
<!DOCTYPE mapper
        PUBLIC "-//mybatis.org//DTD Mapper 3.0//EN"
        "http://mybatis.org/dtd/mybatis-3-mapper.dtd">
<mapper namespace="cn.fnd.mapper.back.BackUserInfoMapper">

    <insert id="addUserInfo">
        insert into user_info_p (
        <trim suffixOverrides=",">
            <if test="userInfoId != null">user_info_id,</if>
            <if test="telephone != null">telephone,</if>
            <if test="birthday != null">birthday,</if>
            <if test="userImg != null">user_img,</if>
            <if test="level != null">level,</if>
            <if test="name != null">name,</if>
            <if test="cardNo != null">card_no,</if>
            <if test="createTime != null">create_time,</if>
            <if test="updateTime != null">update_time</if>
        </trim>
        ) values (
        <trim suffixOverrides=",">
            <if test="userInfoId != null">#{userInfoId},</if>
            <if test="telephone != null">#{telephone},</if>
            <if test="birthday != null">#{birthday},</if>
            <if test="userImg != null">#{userImg},</if>
            <if test="level != null">#{level},</if>
            <if test="name != null">#{name},</if>
            <if test="cardNo != null">#{cardNo},</if>
            <if test="createTime != null">#{createTime},</if>
            <if test="updateTime != null">#{updateTime}</if>
        </trim>
        )
    </insert>
    <update id="updateUserInfo">

        update user_info_p
        <set>
            <trim suffixOverrides=",">
                <if test="telephone != null">telephone=#{telephone},</if>
                <if test="birthday != null">birthday=#{birthday},</if>
                <if test="userImg != null">user_img=#{userImg},</if>
                <if test="level != null">levle=#{level},</if>
                <if test="name != null">name=#{name},</if>
                <if test="cardNo != null">card_no=#{cardNo},</if>
                <if test="createTime != null">create_time=#{createTime},</if>
                <if test="updateTime != null">update_time=#{updateTime}</if>
            </trim>
        </set>
        where user_info_id=#{userInfoId}
    </update>

</mapper>